{
  "DLSVersion": "2.1.6",
  "Name": "OR",
  "NameLocation": 0,
  "ChipType": 0,
  "Size": {
    "x": 0.425,
    "y": 0.5
  },
  "Colour": {
    "r": 0.7229837,
    "g": 0.52155,
    "b": 0.4674228,
    "a": 1
  },
  "InputPins":[
    {
      "Name":"IN",
      "ID":1528459730,
      "Position":{
        "x":-3.26852,
        "y":1.37963
      },
      "BitCount":1,
      "Colour":0,
      "ValueDisplayMode":0
    },
    {
      "Name":"IN",
      "ID":113058322,
      "Position":{
        "x":-3.26852,
        "y":0.08333
      },
      "BitCount":1,
      "Colour":0,
      "ValueDisplayMode":0
    }
  ],
  "OutputPins":[
    {
      "Name":"OUT",
      "ID":855117592,
      "Position":{
        "x":5.75,
        "y":0.87037
      },
      "BitCount":1,
      "Colour":0,
      "ValueDisplayMode":0
    }
  ],
  "SubChips":[
    {
      "Name":"NOT",
      "ID":2112105909,
      "Label":"",
      "Position":{
        "x":-1.06482,
        "y":1.48148
      },
      "OutputPinColourInfo":[{"PinColour":0,"PinID":1199209772}],
      "InternalData":null
    },
    {
      "Name":"NOT",
      "ID":518144641,
      "Label":"",
      "Position":{
        "x":-1.24074,
        "y":0.0463
      },
      "OutputPinColourInfo":[{"PinColour":0,"PinID":1199209772}],
      "InternalData":null
    },
    {
      "Name":"AND",
      "ID":450353495,
      "Label":"",
      "Position":{
        "x":0.89815,
        "y":0.75926
      },
      "OutputPinColourInfo":[{"PinColour":0,"PinID":2129666709}],
      "InternalData":null
    },
    {
      "Name":"NOT",
      "ID":1641947821,
      "Label":"",
      "Position":{
        "x":3.01852,
        "y":0.83333
      },
      "OutputPinColourInfo":[{"PinColour":0,"PinID":1199209772}],
      "InternalData":null
    }
  ],
  "Wires":[
    {
      "SourcePinAddress":{
        "PinID":0,
        "PinOwnerID":1528459730
      },
      "TargetPinAddress":{
        "PinID":2097303774,
        "PinOwnerID":2112105909
      },
      "ConnectionType":0,
      "ConnectedWireIndex":-1,
      "ConnectedWireSegmentIndex":-1,
      "Points":[{"x":0.0,"y":0.0},{"x":0.0,"y":0.0}]
    },
    {
      "SourcePinAddress":{
        "PinID":0,
        "PinOwnerID":113058322
      },
      "TargetPinAddress":{
        "PinID":2097303774,
        "PinOwnerID":518144641
      },
      "ConnectionType":0,
      "ConnectedWireIndex":-1,
      "ConnectedWireSegmentIndex":-1,
      "Points":[{"x":0.0,"y":0.0},{"x":0.0,"y":0.0}]
    },
    {
      "SourcePinAddress":{
        "PinID":1199209772,
        "PinOwnerID":518144641
      },
      "TargetPinAddress":{
        "PinID":1305817919,
        "PinOwnerID":450353495
      },
      "ConnectionType":0,
      "ConnectedWireIndex":-1,
      "ConnectedWireSegmentIndex":-1,
      "Points":[{"x":0.0,"y":0.0},{"x":0.0,"y":0.0}]
    },
    {
      "SourcePinAddress":{
        "PinID":1199209772,
        "PinOwnerID":2112105909
      },
      "TargetPinAddress":{
        "PinID":1655215559,
        "PinOwnerID":450353495
      },
      "ConnectionType":0,
      "ConnectedWireIndex":-1,
      "ConnectedWireSegmentIndex":-1,
      "Points":[{"x":0.0,"y":0.0},{"x":0.0,"y":0.0}]
    },
    {
      "SourcePinAddress":{
        "PinID":2129666709,
        "PinOwnerID":450353495
      },
      "TargetPinAddress":{
        "PinID":2097303774,
        "PinOwnerID":1641947821
      },
      "ConnectionType":0,
      "ConnectedWireIndex":-1,
      "ConnectedWireSegmentIndex":-1,
      "Points":[{"x":0.0,"y":0.0},{"x":0.0,"y":0.0}]
    },
    {
      "SourcePinAddress":{
        "PinID":1199209772,
        "PinOwnerID":1641947821
      },
      "TargetPinAddress":{
        "PinID":0,
        "PinOwnerID":855117592
      },
      "ConnectionType":0,
      "ConnectedWireIndex":-1,
      "ConnectedWireSegmentIndex":-1,
      "Points":[{"x":0.0,"y":0.0},{"x":0.0,"y":0.0}]
    }
  ],
  "Displays": null
}