{
  "DLSVersion": "2.1.6",
  "Name": "Xor",
  "NameLocation": 0,
  "ChipType": 0,
  "Size": {
    "x": 0.575,
    "y": 0.5
  },
  "Colour": {
    "r": 0.9236364,
    "g": 0.643553,
    "b": 0.3791006,
    "a": 1
  },
  "InputPins":[
    {
      "Name":"IN",
      "ID":234781024,
      "Position":{
        "x":-5.0,
        "y":0.68519
      },
      "BitCount":1,
      "Colour":0,
      "ValueDisplayMode":0
    },
    {
      "Name":"IN",
      "ID":382434748,
      "Position":{
        "x":-5.01852,
        "y":-1.0463
      },
      "BitCount":1,
      "Colour":0,
      "ValueDisplayMode":0
    }
  ],
  "OutputPins":[
    {
      "Name":"OUT",
      "ID":180761558,
      "Position":{
        "x":1.16667,
        "y":-0.17593
      },
      "BitCount":1,
      "Colour":0,
      "ValueDisplayMode":0
    }
  ],
  "SubChips":[
    {
      "Name":"NAND",
      "ID":165392224,
      "Label":"",
      "Position":{
        "x":-2.47222,
        "y":0.50926
      },
      "OutputPinColourInfo":[{"PinColour":0,"PinID":2}],
      "InternalData":null
    },
    {
      "Name":"AND",
      "ID":500795935,
      "Label":"",
      "Position":{
        "x":-0.38889,
        "y":-0.23148
      },
      "OutputPinColourInfo":[{"PinColour":0,"PinID":2129666709}],
      "InternalData":null
    },
    {
      "Name":"OR",
      "ID":357612309,
      "Label":"",
      "Position":{
        "x":-2.50926,
        "y":-0.88889
      },
      "OutputPinColourInfo":[{"PinColour":0,"PinID":855117592}],
      "InternalData":null
    }
  ],
  "Wires":[
    {
      "SourcePinAddress":{
        "PinID":0,
        "PinOwnerID":234781024
      },
      "TargetPinAddress":{
        "PinID":0,
        "PinOwnerID":165392224
      },
      "ConnectionType":0,
      "ConnectedWireIndex":-1,
      "ConnectedWireSegmentIndex":-1,
      "Points":[{"x":0.0,"y":0.0},{"x":0.0,"y":0.0}]
    },
    {
      "SourcePinAddress":{
        "PinID":0,
        "PinOwnerID":382434748
      },
      "TargetPinAddress":{
        "PinID":113058322,
        "PinOwnerID":357612309
      },
      "ConnectionType":0,
      "ConnectedWireIndex":-1,
      "ConnectedWireSegmentIndex":-1,
      "Points":[{"x":0.0,"y":0.0},{"x":0.0,"y":0.0}]
    },
    {
      "SourcePinAddress":{
        "PinID":0,
        "PinOwnerID":382434748
      },
      "TargetPinAddress":{
        "PinID":1,
        "PinOwnerID":165392224
      },
      "ConnectionType":0,
      "ConnectedWireIndex":-1,
      "ConnectedWireSegmentIndex":-1,
      "Points":[{"x":0.0,"y":0.0},{"x":0.0,"y":0.0}]
    },
    {
      "SourcePinAddress":{
        "PinID":0,
        "PinOwnerID":234781024
      },
      "TargetPinAddress":{
        "PinID":1528459730,
        "PinOwnerID":357612309
      },
      "ConnectionType":0,
      "ConnectedWireIndex":-1,
      "ConnectedWireSegmentIndex":-1,
      "Points":[{"x":0.0,"y":0.0},{"x":0.0,"y":0.0}]
    },
    {
      "SourcePinAddress":{
        "PinID":855117592,
        "PinOwnerID":357612309
      },
      "TargetPinAddress":{
        "PinID":1305817919,
        "PinOwnerID":500795935
      },
      "ConnectionType":0,
      "ConnectedWireIndex":-1,
      "ConnectedWireSegmentIndex":-1,
      "Points":[{"x":0.0,"y":0.0},{"x":0.0,"y":0.0}]
    },
    {
      "SourcePinAddress":{
        "PinID":2,
        "PinOwnerID":165392224
      },
      "TargetPinAddress":{
        "PinID":1655215559,
        "PinOwnerID":500795935
      },
      "ConnectionType":0,
      "ConnectedWireIndex":-1,
      "ConnectedWireSegmentIndex":-1,
      "Points":[{"x":0.0,"y":0.0},{"x":0.0,"y":0.0}]
    },
    {
      "SourcePinAddress":{
        "PinID":2129666709,
        "PinOwnerID":500795935
      },
      "TargetPinAddress":{
        "PinID":0,
        "PinOwnerID":180761558
      },
      "ConnectionType":0,
      "ConnectedWireIndex":-1,
      "ConnectedWireSegmentIndex":-1,
      "Points":[{"x":0.0,"y":0.0},{"x":0.0,"y":0.0}]
    }
  ],
  "Displays": null
}